millis,stamp,datetime,motion
999, 1533161445, 2018/8/1 22:10:45, Active
1999, 1533161446, 2018/8/1 22:10:46, Active
2999, 1533161447, 2018/8/1 22:10:47, Active
3998, 1533161448, 2018/8/1 22:10:48, Active
4999, 1533161449, 2018/8/1 22:10:49, Active
5999, 1533161450, 2018/8/1 22:10:50, Active
6999, 1533161451, 2018/8/1 22:10:51, Active
7999, 1533161452, 2018/8/1 22:10:52, Active
8998, 1533161453, 2018/8/1 22:10:53, Active
9999, 1533161454, 2018/8/1 22:10:54, Active
10999, 1533161455, 2018/8/1 22:10:55, Active
12000, 1533161456, 2018/8/1 22:10:56, Active
12999, 1533161457, 2018/8/1 22:10:57, Active
13999, 1533161458, 2018/8/1 22:10:58, Active
14999, 1533161459, 2018/8/1 22:10:59, Active
16000, 1533161460, 2018/8/1 22:11:0, Active
16999, 1533161461, 2018/8/1 22:11:1, Active
17998, 1533161462, 2018/8/1 22:11:2, Inactive
18999, 1533161463, 2018/8/1 22:11:3, Inactive
19999, 1533161464, 2018/8/1 22:11:4, Inactive
20999, 1533161465, 2018/8/1 22:11:5, Inactive
21999, 1533161466, 2018/8/1 22:11:6, Inactive
22999, 1533161467, 2018/8/1 22:11:7, Inactive
23998, 1533161468, 2018/8/1 22:11:8, Inactive
24999, 1533161469, 2018/8/1 22:11:9, Inactive
25999, 1533161470, 2018/8/1 22:11:10, Inactive
26999, 1533161471, 2018/8/1 22:11:11, Inactive
27999, 1533161472, 2018/8/1 22:11:12, Inactive
28999, 1533161473, 2018/8/1 22:11:13, Inactive
29999, 1533161474, 2018/8/1 22:11:14, Inactive
30999, 1533161475, 2018/8/1 22:11:15, Active
32000, 1533161476, 2018/8/1 22:11:16, Active
32999, 1533161477, 2018/8/1 22:11:17, Inactive
33999, 1533161478, 2018/8/1 22:11:18, Inactive
34998, 1533161479, 2018/8/1 22:11:19, Inactive
35999, 1533161480, 2018/8/1 22:11:20, Active
36999, 1533161481, 2018/8/1 22:11:21, Active
37999, 1533161482, 2018/8/1 22:11:22, Active
38999, 1533161483, 2018/8/1 22:11:23, Active
39999, 1533161484, 2018/8/1 22:11:24, Active
40999, 1533161485, 2018/8/1 22:11:25, Inactive
41999, 1533161486, 2018/8/1 22:11:26, Inactive
42999, 1533161487, 2018/8/1 22:11:27, Inactive
43999, 1533161488, 2018/8/1 22:11:28, Inactive
44999, 1533161489, 2018/8/1 22:11:29, Inactive
45999, 1533161490, 2018/8/1 22:11:30, Active
46999, 1533161491, 2018/8/1 22:11:31, Active
48000, 1533161492, 2018/8/1 22:11:32, Inactive
48999, 1533161493, 2018/8/1 22:11:33, Inactive
49999, 1533161494, 2018/8/1 22:11:34, Inactive
50999, 1533161495, 2018/8/1 22:11:35, Inactive
51999, 1533161496, 2018/8/1 22:11:36, Inactive
52999, 1533161497, 2018/8/1 22:11:37, Inactive
53999, 1533161498, 2018/8/1 22:11:38, Inactive
54999, 1533161499, 2018/8/1 22:11:39, Inactive
55999, 1533161500, 2018/8/1 22:11:40, Inactive
56999, 1533161501, 2018/8/1 22:11:41, Inactive
57999, 1533161502, 2018/8/1 22:11:42, Inactive
58999, 1533161503, 2018/8/1 22:11:43, Inactive
59999, 1533161504, 2018/8/1 22:11:44, Inactive
60998, 1533161505, 2018/8/1 22:11:45, Active
62000, 1533161506, 2018/8/1 22:11:46, Active
62999, 1533161507, 2018/8/1 22:11:47, Active
64000, 1533161508, 2018/8/1 22:11:48, Inactive
64999, 1533161509, 2018/8/1 22:11:49, Inactive
65999, 1533161510, 2018/8/1 22:11:50, Inactive
66999, 1533161511, 2018/8/1 22:11:51, Inactive
67998, 1533161512, 2018/8/1 22:11:52, Inactive
68999, 1533161513, 2018/8/1 22:11:53, Inactive
69999, 1533161514, 2018/8/1 22:11:54, Inactive
70999, 1533161515, 2018/8/1 22:11:55, Inactive
71999, 1533161516, 2018/8/1 22:11:56, Inactive
72999, 1533161517, 2018/8/1 22:11:57, Inactive
73999, 1533161518, 2018/8/1 22:11:58, Inactive
74999, 1533161519, 2018/8/1 22:11:59, Inactive
75999, 1533161520, 2018/8/1 22:12:0, Inactive
76999, 1533161521, 2018/8/1 22:12:1, Inactive
78000, 1533161522, 2018/8/1 22:12:2, Inactive
78999, 1533161523, 2018/8/1 22:12:3, Inactive
80000, 1533161524, 2018/8/1 22:12:4, Inactive
80999, 1533161525, 2018/8/1 22:12:5, Inactive
81999, 1533161526, 2018/8/1 22:12:6, Inactive
82999, 1533161527, 2018/8/1 22:12:7, Inactive
83999, 1533161528, 2018/8/1 22:12:8, Inactive
84999, 1533161529, 2018/8/1 22:12:9, Inactive
85999, 1533161530, 2018/8/1 22:12:10, Inactive
86999, 1533161531, 2018/8/1 22:12:11, Inactive
87999, 1533161532, 2018/8/1 22:12:12, Active
88999, 1533161533, 2018/8/1 22:12:13, Active
89999, 1533161534, 2018/8/1 22:12:14, Active
90999, 1533161535, 2018/8/1 22:12:15, Inactive
91999, 1533161536, 2018/8/1 22:12:16, Inactive
92998, 1533161537, 2018/8/1 22:12:17, Inactive
94000, 1533161538, 2018/8/1 22:12:18, Inactive
94999, 1533161539, 2018/8/1 22:12:19, Inactive
95998, 1533161540, 2018/8/1 22:12:20, Inactive
96999, 1533161541, 2018/8/1 22:12:21, Inactive
97999, 1533161542, 2018/8/1 22:12:22, Inactive
98999, 1533161543, 2018/8/1 22:12:23, Inactive
99998, 1533161544, 2018/8/1 22:12:24, Inactive
100999, 1533161545, 2018/8/1 22:12:25, Inactive
101999, 1533161546, 2018/8/1 22:12:26, Active
102999, 1533161547, 2018/8/1 22:12:27, Active
103999, 1533161548, 2018/8/1 22:12:28, Inactive
104998, 1533161549, 2018/8/1 22:12:29, Inactive
105999, 1533161550, 2018/8/1 22:12:30, Inactive
106999, 1533161551, 2018/8/1 22:12:31, Inactive
107999, 1533161552, 2018/8/1 22:12:32, Inactive
108999, 1533161553, 2018/8/1 22:12:33, Inactive
110000, 1533161554, 2018/8/1 22:12:34, Inactive
110999, 1533161555, 2018/8/1 22:12:35, Inactive
112000, 1533161556, 2018/8/1 22:12:36, Inactive
112999, 1533161557, 2018/8/1 22:12:37, Inactive
113999, 1533161558, 2018/8/1 22:12:38, Inactive
114999, 1533161559, 2018/8/1 22:12:39, Inactive
115999, 1533161560, 2018/8/1 22:12:40, Active
116999, 1533161561, 2018/8/1 22:12:41, Active
117999, 1533161562, 2018/8/1 22:12:42, Inactive
118999, 1533161563, 2018/8/1 22:12:43, Inactive
119999, 1533161564, 2018/8/1 22:12:44, Inactive
120999, 1533161565, 2018/8/1 22:12:45, Inactive
121999, 1533161566, 2018/8/1 22:12:46, Inactive
122999, 1533161567, 2018/8/1 22:12:47, Inactive
123999, 1533161568, 2018/8/1 22:12:48, Inactive
124999, 1533161569, 2018/8/1 22:12:49, Inactive
125999, 1533161570, 2018/8/1 22:12:50, Inactive
126999, 1533161571, 2018/8/1 22:12:51, Inactive
128000, 1533161572, 2018/8/1 22:12:52, Inactive
128999, 1533161573, 2018/8/1 22:12:53, Inactive
129999, 1533161574, 2018/8/1 22:12:54, Inactive
130999, 1533161575, 2018/8/1 22:12:55, Inactive
131999, 1533161576, 2018/8/1 22:12:56, Inactive
132999, 1533161577, 2018/8/1 22:12:57, Inactive
133999, 1533161578, 2018/8/1 22:12:58, Inactive
134999, 1533161579, 2018/8/1 22:12:59, Inactive
135999, 1533161580, 2018/8/1 22:13:0, Inactive
136999, 1533161581, 2018/8/1 22:13:1, Inactive
137999, 1533161582, 2018/8/1 22:13:2, Inactive
138999, 1533161583, 2018/8/1 22:13:3, Inactive
139999, 1533161584, 2018/8/1 22:13:4, Active
141000, 1533161585, 2018/8/1 22:13:5, Active
142000, 1533161586, 2018/8/1 22:13:6, Inactive
142999, 1533161587, 2018/8/1 22:13:7, Inactive
144000, 1533161588, 2018/8/1 22:13:8, Inactive
144999, 1533161589, 2018/8/1 22:13:9, Inactive
145999, 1533161590, 2018/8/1 22:13:10, Inactive
146998, 1533161591, 2018/8/1 22:13:11, Inactive
147999, 1533161592, 2018/8/1 22:13:12, Inactive
148999, 1533161593, 2018/8/1 22:13:13, Inactive
149999, 1533161594, 2018/8/1 22:13:14, Inactive
150999, 1533161595, 2018/8/1 22:13:15, Inactive
151999, 1533161596, 2018/8/1 22:13:16, Inactive
152999, 1533161597, 2018/8/1 22:13:17, Inactive
153999, 1533161598, 2018/8/1 22:13:18, Inactive
154999, 1533161599, 2018/8/1 22:13:19, Inactive
155999, 1533161600, 2018/8/1 22:13:20, Inactive
156999, 1533161601, 2018/8/1 22:13:21, Inactive
157999, 1533161602, 2018/8/1 22:13:22, Inactive
158999, 1533161603, 2018/8/1 22:13:23, Inactive
160000, 1533161604, 2018/8/1 22:13:24, Inactive
160999, 1533161606, 2018/8/1 22:13:26, Inactive
161999, 1533161607, 2018/8/1 22:13:27, Active
162999, 1533161608, 2018/8/1 22:13:28, Active
163999, 1533161609, 2018/8/1 22:13:29, Active
164999, 1533161610, 2018/8/1 22:13:30, Inactive
165999, 1533161611, 2018/8/1 22:13:31, Inactive
166999, 1533161612, 2018/8/1 22:13:32, Inactive
167998, 1533161613, 2018/8/1 22:13:33, Inactive
168999, 1533161614, 2018/8/1 22:13:34, Inactive
169999, 1533161615, 2018/8/1 22:13:35, Inactive
170999, 1533161616, 2018/8/1 22:13:36, Inactive
171999, 1533161617, 2018/8/1 22:13:37, Inactive
172999, 1533161618, 2018/8/1 22:13:38, Inactive
174000, 1533161619, 2018/8/1 22:13:39, Inactive
174999, 1533161620, 2018/8/1 22:13:40, Inactive
176000, 1533161621, 2018/8/1 22:13:41, Inactive
176999, 1533161622, 2018/8/1 22:13:42, Inactive
177999, 1533161623, 2018/8/1 22:13:43, Inactive
178999, 1533161624, 2018/8/1 22:13:44, Active
179999, 1533161625, 2018/8/1 22:13:45, Active
180999, 1533161626, 2018/8/1 22:13:46, Active
181999, 1533161627, 2018/8/1 22:13:47, Active
182999, 1533161628, 2018/8/1 22:13:48, Inactive
183999, 1533161629, 2018/8/1 22:13:49, Inactive
184999, 1533161630, 2018/8/1 22:13:50, Inactive
185999, 1533161631, 2018/8/1 22:13:51, Active
186999, 1533161632, 2018/8/1 22:13:52, Active
187999, 1533161633, 2018/8/1 22:13:53, Active
188999, 1533161634, 2018/8/1 22:13:54, Active
189999, 1533161635, 2018/8/1 22:13:55, Active
190998, 1533161636, 2018/8/1 22:13:56, Active
192000, 1533161637, 2018/8/1 22:13:57, Active
192999, 1533161638, 2018/8/1 22:13:58, Active
193999, 1533161639, 2018/8/1 22:13:59, Inactive
194999, 1533161640, 2018/8/1 22:14:0, Inactive
195999, 1533161641, 2018/8/1 22:14:1, Inactive
196999, 1533161642, 2018/8/1 22:14:2, Inactive
197999, 1533161643, 2018/8/1 22:14:3, Inactive
198999, 1533161644, 2018/8/1 22:14:4, Inactive
199999, 1533161645, 2018/8/1 22:14:5, Inactive
200999, 1533161646, 2018/8/1 22:14:6, Inactive
201999, 1533161647, 2018/8/1 22:14:7, Active
202999, 1533161648, 2018/8/1 22:14:8, Active
203999, 1533161649, 2018/8/1 22:14:9, Inactive
204999, 1533161650, 2018/8/1 22:14:10, Inactive
206000, 1533161651, 2018/8/1 22:14:11, Inactive
206999, 1533161652, 2018/8/1 22:14:12, Inactive
208000, 1533161653, 2018/8/1 22:14:13, Active
208999, 1533161654, 2018/8/1 22:14:14, Active
209998, 1533161655, 2018/8/1 22:14:15, Active
210999, 1533161656, 2018/8/1 22:14:16, Inactive
211999, 1533161657, 2018/8/1 22:14:17, Inactive
212999, 1533161658, 2018/8/1 22:14:18, Inactive
213999, 1533161659, 2018/8/1 22:14:19, Inactive
